Title,URL,Date Created,Summary
"삼성전자, 日서 갤S22 사전판매 50% 증가...흥행 '청신호' - 뉴데일리경제",https://biz.newdaily.co.kr/site/data/html/2022/04/22/2022042200046.html,"Fri, 22 Apr 2022 02:57:30 GMT","삼성전자, 日서 갤S22 사전판매 50% 증가...흥행 '청신호'  뉴데일리경제"
"삼성전자, 자립 준비 청소년 위한 '삼성 희망디딤돌' 경북센터 개소 - 베이비뉴스",https://www.ibabynews.com/news/articleView.html?idxno=104552,"Fri, 22 Apr 2022 00:42:24 GMT","삼성전자, 자립 준비 청소년 위한 '삼성 희망디딤돌' 경북센터 개소  베이비뉴스"
"돌아온 연기금, 삼성전자는 버렸다…그 자리 채운 '2개 종목' - 머니투데이",https://news.mt.co.kr/mtview.php?no=2022042209335175913,"Fri, 22 Apr 2022 07:24:37 GMT","돌아온 연기금, 삼성전자는 버렸다…그 자리 채운 '2개 종목'  머니투데이"
수원화성·삼성전자·수원시청 '지구의날' 10분간 소등 - 매일경제,https://www.mk.co.kr/news/society/view/2022/04/358683/,"Fri, 22 Apr 2022 00:01:06 GMT",수원화성·삼성전자·수원시청 '지구의날' 10분간 소등  매일경제
"삼성전자, 임원 폭언 논란…'임금협상 난항' - 파이낸셜뉴스",https://www.fnnews.com/news/202204221656042268,"Fri, 22 Apr 2022 07:56:00 GMT","삼성전자, 임원 폭언 논란…'임금협상 난항'  파이낸셜뉴스"
"[단독] 삼성전자 그룹장 “덤빈다” 폭언 의혹… 노조, 직위해제 요청 - 세계일보",https://m.segye.com/view/20220422507683,"Fri, 22 Apr 2022 02:56:33 GMT","[단독] 삼성전자 그룹장 “덤빈다” 폭언 의혹… 노조, 직위해제 요청  세계일보"
"삼성전자 노조, 이재용 자택 앞 연대투쟁 예고 - 삼성전자 노조, 이재용 자택 앞 연대투쟁 예고 - FETV",https://www.fetv.co.kr/news/article.html?no=113692,"Fri, 22 Apr 2022 00:46:30 GMT","삼성전자 노조, 이재용 자택 앞 연대투쟁 예고 - 삼성전자 노조, 이재용 자택 앞 연대투쟁 예고  FETV"
"해외 팁스터 ""삼성전자 미디어텍 AP 구입"", 갤럭시S22FE에 탑재하나 - 비즈니스포스트",https://www.businesspost.co.kr/BP?command=article_view&num=278541,"Thu, 21 Apr 2022 07:02:23 GMT","해외 팁스터 ""삼성전자 미디어텍 AP 구입"", 갤럭시S22FE에 탑재하나  비즈니스포스트"
수원화성·삼성전자·수원시청 '지구의날' 10분간 소등 - 연합뉴스,https://www.yna.co.kr/view/AKR20220422030200061,"Fri, 22 Apr 2022 00:01:06 GMT",수원화성·삼성전자·수원시청 '지구의날' 10분간 소등  연합뉴스
"신성이엔지, 275억원 규모 삼성전자 클린룸 시스템 천장 공사 수주 - 이데일리",https://www.edaily.co.kr/news/read?newsId=01941766632298744&mediaCodeNo=257,"Fri, 22 Apr 2022 01:09:19 GMT","신성이엔지, 275억원 규모 삼성전자 클린룸 시스템 천장 공사 수주  이데일리"
"[특징주] 티씨케이, 삼성전자·SK하이닉스 공장 가동률 상승에 강세 - 머니S - 머니S",https://moneys.mt.co.kr/news/mwView.php?no=2022042213118011347,"Fri, 22 Apr 2022 04:12:13 GMT","[특징주] 티씨케이, 삼성전자·SK하이닉스 공장 가동률 상승에 강세 - 머니S  머니S"
"김경만 의원, 삼성전자 찾아 광주권 스마트공장 지원 확대 당부 - 내외경제TV",https://www.nbntv.co.kr/news/articleView.html?idxno=968037,"Fri, 22 Apr 2022 03:06:10 GMT","김경만 의원, 삼성전자 찾아 광주권 스마트공장 지원 확대 당부  내외경제TV"
"삼성전자, ESG 홍보영상 내일도 애쓰지 ‘숲속공장’ 이야기 공개 - 조선비즈 - 조선비즈",https://biz.chosun.com/it-science/ict/2022/04/22/LS3TJOW765EMBPZOXCQJOYCNXQ/,"Thu, 21 Apr 2022 23:53:00 GMT","삼성전자, ESG 홍보영상 내일도 애쓰지 ‘숲속공장’ 이야기 공개 - 조선비즈  조선비즈"
삼성전자 1%대 하락…다시 신저가 근접 - 한국경제,https://www.hankyung.com/finance/article/2022042246246,"Fri, 22 Apr 2022 00:38:25 GMT",삼성전자 1%대 하락…다시 신저가 근접  한국경제
"삼성 갤럭시S22, 일본 사전판매 전작 대비 50% 증가 - ZD넷 코리아",https://zdnet.co.kr/view/?no=20220422085615,"Fri, 22 Apr 2022 00:18:47 GMT","삼성 갤럭시S22, 일본 사전판매 전작 대비 50% 증가  ZD넷 코리아"
"[공시王] 피에스케이, '베벨 에처' 국산화 성공…삼성전자·SK하이닉스 '후광효과' - 인포스탁데일리",http://www.infostockdaily.co.kr/news/articleView.html?idxno=171207,"Thu, 21 Apr 2022 23:53:35 GMT","[공시王] 피에스케이, '베벨 에처' 국산화 성공…삼성전자·SK하이닉스 '후광효과'  인포스탁데일리"
"티씨케이 주식 매수의견 유지, ""삼성전자 SK하이닉스에 공급 늘어"" - 비즈니스포스트",https://www.businesspost.co.kr/BP?command=article_view&num=278603,"Thu, 21 Apr 2022 23:53:05 GMT","티씨케이 주식 매수의견 유지, ""삼성전자 SK하이닉스에 공급 늘어""  비즈니스포스트"
수원화성·삼성전자·수원시청 '지구의날' 10분간 소등 - 한국경제,https://www.hankyung.com/society/article/202204224431Y,"Fri, 22 Apr 2022 00:01:10 GMT",수원화성·삼성전자·수원시청 '지구의날' 10분간 소등  한국경제
[특징주]다시 '6만전자'…삼성전자 1%대 하락 - 아시아경제,https://www.asiae.co.kr/article/feature/2022042209413757823,"Fri, 22 Apr 2022 00:11:00 GMT",[특징주]다시 '6만전자'…삼성전자 1%대 하락  아시아경제
"삼성전자, 차기 폴더블폰에 'LG엔솔 배터리' 탑재하나...협업 가능성 유력 - 오토데일리",https://www.autodaily.co.kr/news/articleView.html?idxno=433216,"Fri, 22 Apr 2022 01:29:00 GMT","삼성전자, 차기 폴더블폰에 'LG엔솔 배터리' 탑재하나...협업 가능성 유력  오토데일리"
호실적에도 ‘6만전자’… 개미들은 삼성전자 반등 기대 ‘순매수’ - 게임동아,https://www.donga.com/news/Economy/article/all/20220421/113017939/1,"Thu, 21 Apr 2022 18:00:00 GMT",호실적에도 ‘6만전자’… 개미들은 삼성전자 반등 기대 ‘순매수’  게임동아
"스마트폰 충전기 뺀 애플 조롱하던 삼성, 이제 와서 “돈 내고 사” - 조선비즈",https://biz.chosun.com/it-science/ict/2022/04/01/L23UKDCLUVAJRO7V7HAGIWLBOQ/,"Fri, 01 Apr 2022 07:00:00 GMT","스마트폰 충전기 뺀 애플 조롱하던 삼성, 이제 와서 “돈 내고 사”  조선비즈"
[MBN GOLD 시황저격] 파운드리 경쟁력 강화…삼성전자 투자확대땐 반도체 투자심리 개선 - 매일경제,https://www.mk.co.kr/news/economy/view/2022/04/358429/,"Thu, 21 Apr 2022 19:05:02 GMT",[MBN GOLD 시황저격] 파운드리 경쟁력 강화…삼성전자 투자확대땐 반도체 투자심리 개선  매일경제
"삼성전자, CJ푸드빌과 손잡고 '비스포크 큐커' 미식 경험 확대 - Samsung Newsroom Korea",https://news.samsung.com/kr/%EC%82%BC%EC%84%B1%EC%A0%84%EC%9E%90-cj%ED%91%B8%EB%93%9C%EB%B9%8C%EA%B3%BC-%EC%86%90%EC%9E%A1%EA%B3%A0-%EB%B9%84%EC%8A%A4%ED%8F%AC%ED%81%AC-%ED%81%90%EC%BB%A4-%EB%AF%B8%EC%8B%9D-%EA%B2%BD,"Thu, 21 Apr 2022 02:13:13 GMT","삼성전자, CJ푸드빌과 손잡고 '비스포크 큐커' 미식 경험 확대  Samsung Newsroom Korea"
윤종용 전 삼성전자 부회장 등 7인 정보통신 공로상 수상 - 전자신문,https://www.etnews.com/20220421000103,"Thu, 21 Apr 2022 05:30:00 GMT",윤종용 전 삼성전자 부회장 등 7인 정보통신 공로상 수상  전자신문
"삼성전자 반도체 핵심기술 유출사건, 결국 검찰로 이첩…'수사 속도' - 아시아경제",https://cm.asiae.co.kr/article/2022042119372091743,"Thu, 21 Apr 2022 10:07:00 GMT","삼성전자 반도체 핵심기술 유출사건, 결국 검찰로 이첩…'수사 속도'  아시아경제"
삼성전자 버리더니…조용히 OO株 쓸어담은 외국인 - 머니투데이,https://news.mt.co.kr/mtview.php?no=2022042109421238746&VMN,"Thu, 21 Apr 2022 07:29:00 GMT",삼성전자 버리더니…조용히 OO株 쓸어담은 외국인  머니투데이
"배신인가 소신인가, 여상 출신 첫 삼성전자 상무 양향자 - 신동아",https://shindonga.donga.com/3/all/13/3329893/1,"Thu, 21 Apr 2022 05:29:43 GMT","배신인가 소신인가, 여상 출신 첫 삼성전자 상무 양향자  신동아"
"삼성전자, 갤럭시 기기에 사용되는 '폐어망 플라스틱' 생산으로 탄소절감 효과 인증 - Samsung Newsroom Korea",https://news.samsung.com/kr/%EC%82%BC%EC%84%B1%EC%A0%84%EC%9E%90-%EA%B0%A4%EB%9F%AD%EC%8B%9C-%EA%B8%B0%EA%B8%B0%EC%97%90-%EC%82%AC%EC%9A%A9%EB%90%98%EB%8A%94-%ED%8F%90%EC%96%B4%EB%A7%9D-%ED%94%8C%EB%9D%BC%EC%8A%A4%ED%8B%B1,"Thu, 21 Apr 2022 02:13:13 GMT","삼성전자, 갤럭시 기기에 사용되는 '폐어망 플라스틱' 생산으로 탄소절감 효과 인증  Samsung Newsroom Korea"
삼성전자 더 이상 악재 없다…반도체 긴 터널 끝 보인다는데 - 매일경제,https://www.mk.co.kr/news/economy/view/2022/04/357841/,"Thu, 21 Apr 2022 09:46:21 GMT",삼성전자 더 이상 악재 없다…반도체 긴 터널 끝 보인다는데  매일경제
삼성전자 코스피 시총 비중 3년만에 최소…18%대로 줄어(종합) - 매일경제,https://www.mk.co.kr/news/economy/view/2022/04/357289/,"Thu, 21 Apr 2022 07:29:23 GMT",삼성전자 코스피 시총 비중 3년만에 최소…18%대로 줄어(종합)  매일경제
"21일, 기관 거래소에서 삼성전자(+0.45%), SK하이닉스(+0.44%) 등 순매수 - 한국경제",https://www.hankyung.com/finance/article/202204213759L,"Thu, 21 Apr 2022 09:35:25 GMT","21일, 기관 거래소에서 삼성전자(+0.45%), SK하이닉스(+0.44%) 등 순매수  한국경제"
"삼성전자 포함 삼성 18개 계열사, 신입 공채시험 5월 14~15일 진행 - 비즈니스포스트",https://www.businesspost.co.kr/BP?command=article_view&num=278506,"Thu, 21 Apr 2022 04:38:59 GMT","삼성전자 포함 삼성 18개 계열사, 신입 공채시험 5월 14~15일 진행  비즈니스포스트"
삼성전자 1분기 세계 스마트폰 1위 수성…애플에 6%p 앞서 - 노컷뉴스,https://www.nocutnews.co.kr/news/5744334,"Thu, 21 Apr 2022 05:58:00 GMT",삼성전자 1분기 세계 스마트폰 1위 수성…애플에 6%p 앞서  노컷뉴스
"[마켓파워] 삼성전자 올해 반도체 설비투자 50조원 육박, 국방예산만큼 쓴다 - 아시아투데이",https://www.asiatoday.co.kr/view.php?key=20220420010012198,"Thu, 21 Apr 2022 02:00:00 GMT","[마켓파워] 삼성전자 올해 반도체 설비투자 50조원 육박, 국방예산만큼 쓴다  아시아투데이"
"삼성전자 SK하이닉스 하반기 실적 먹구름, D램 가격 하락 전망 나와 - 비즈니스포스트",http://www.businesspost.co.kr/BP?command=article_view&num=278532,"Thu, 21 Apr 2022 06:26:03 GMT","삼성전자 SK하이닉스 하반기 실적 먹구름, D램 가격 하락 전망 나와  비즈니스포스트"
"한화진 환경부 장관 후보자, 삼성전자 사외이사 사임 - ZD넷 코리아",https://zdnet.co.kr/view/?no=20220421172813,"Thu, 21 Apr 2022 08:28:30 GMT","한화진 환경부 장관 후보자, 삼성전자 사외이사 사임  ZD넷 코리아"
출렁대는 삼성전자 주가…ELS 투자자 '희비교차' - 비즈니스워치,http://news.bizwatch.co.kr/article/market/2022/04/19/0014,"Tue, 19 Apr 2022 21:45:02 GMT",출렁대는 삼성전자 주가…ELS 투자자 '희비교차'  비즈니스워치
"삼성전자, 협력사 임직원 건강·안전 지원 - 신아일보",http://www.shinailbo.co.kr/news/articleView.html?idxno=1542348,"Thu, 21 Apr 2022 04:28:47 GMT","삼성전자, 협력사 임직원 건강·안전 지원  신아일보"
실적 발표 D-7…삼성전자 주가는? - ZD넷 코리아,https://zdnet.co.kr/view/?no=20220421160708,"Thu, 21 Apr 2022 07:09:33 GMT",실적 발표 D-7…삼성전자 주가는?  ZD넷 코리아
"코스피, 기관 매수에 2720선 회복…삼성전자 SK하이닉스 상승 - 매일경제",https://www.mk.co.kr/news/stock/view/2022/04/357164/,"Thu, 21 Apr 2022 07:05:24 GMT","코스피, 기관 매수에 2720선 회복…삼성전자 SK하이닉스 상승  매일경제"
"[긴급진단] 고전 면치 못하는 삼성전자 주가, '6만전자' 언제 탈출하나 - 인포스탁데일리",http://www.infostockdaily.co.kr/news/articleView.html?idxno=171144,"Wed, 20 Apr 2022 23:24:21 GMT","[긴급진단] 고전 면치 못하는 삼성전자 주가, '6만전자' 언제 탈출하나  인포스탁데일리"
"해외 팁스터 ""삼성전자 미디어텍 AP 구입"", 갤럭시S22FE에 탑재하나 - 비즈니스포스트",http://www.businesspost.co.kr/BP?command=article_view&num=278541,"Thu, 21 Apr 2022 07:02:23 GMT","해외 팁스터 ""삼성전자 미디어텍 AP 구입"", 갤럭시S22FE에 탑재하나  비즈니스포스트"
“IT기업 저만큼 올렸는데”…임금협상에 속타는 삼성전자 - 게임동아,https://www.donga.com/news/Economy/article/all/20220420/112993496/1,"Wed, 20 Apr 2022 10:29:00 GMT",“IT기업 저만큼 올렸는데”…임금협상에 속타는 삼성전자  게임동아
"삼성디스플레이, QD 수율 개선… OLED 사업 탄력 - 뉴데일리경제",https://biz.newdaily.co.kr/site/data/html/2022/04/20/2022042000271.html,"Wed, 20 Apr 2022 14:19:02 GMT","삼성디스플레이, QD 수율 개선… OLED 사업 탄력  뉴데일리경제"
"[경톡434회] 삼성전자, 역대급 실적에도 주가는 곤두박질...왜? - 인포스탁데일리",https://www.infostockdaily.co.kr/news/articleView.html?idxno=171166,"Thu, 21 Apr 2022 07:29:48 GMT","[경톡434회] 삼성전자, 역대급 실적에도 주가는 곤두박질...왜?  인포스탁데일리"
한종희 삼성전자 대표·노태원 서울대 교수 과기훈장 - 서울신문,https://www.seoul.co.kr/news/newsView.php?id=20220421500161,"Thu, 21 Apr 2022 07:12:00 GMT",한종희 삼성전자 대표·노태원 서울대 교수 과기훈장  서울신문
삼성전자 코스피 시총 비중 3년만에 최소…18%대로 줄어(종합) - 연합뉴스,https://www.yna.co.kr/view/AKR20220420161251002?section=economy/all&site=major_news04,"Thu, 21 Apr 2022 07:29:23 GMT",삼성전자 코스피 시총 비중 3년만에 최소…18%대로 줄어(종합)  연합뉴스
삼성전자·CJ푸드빌 맞손…빕스 전 지점서 ‘비스포크 큐커’ 기획존 운영 - NSP통신,http://m.nspna.com/news/?mode=view&newsid=566834,"Thu, 21 Apr 2022 06:39:00 GMT",삼성전자·CJ푸드빌 맞손…빕스 전 지점서 ‘비스포크 큐커’ 기획존 운영  NSP통신
삼성전자 실적은 좋은데 주가는 왜? 560만 주주의 고민 - 한겨레,https://m.hani.co.kr/arti/economy/finance/1039404.html,"Mon, 18 Apr 2022 08:24:15 GMT",삼성전자 실적은 좋은데 주가는 왜? 560만 주주의 고민  한겨레
"삼성전자, 출장·회식 재개…부분적 일상 회복 추진 - 조선비즈 - 조선비즈",https://biz.chosun.com/it-science/ict/2022/04/11/M325O6DVLJGCXKLDQPYGWLY7FY/,"Mon, 11 Apr 2022 07:00:00 GMT","삼성전자, 출장·회식 재개…부분적 일상 회복 추진 - 조선비즈  조선비즈"
"임직원 브이로그, ESG 소식, 귀염 뽀짝 웹툰까지… 삼성전자 반도체 '카카오 뷰' 채널로 GO GO – 삼성반도체이야기 - 삼성반도체이야기",https://www.samsungsemiconstory.com/kr/%EC%9E%84%EC%A7%81%EC%9B%90-%EB%B8%8C%EC%9D%B4%EB%A1%9C%EA%B7%B8-esg-%EC%86%8C%EC%8B%9D-%EA%B7%80%EC%97%BC-%EB%BD%80%EC%A7%9D-%EC%9B%B9%ED%88%B0%EA%B9%8C%EC%A7%80-%EC%82%BC%EC%84%B1/,"Thu, 21 Apr 2022 00:17:18 GMT","임직원 브이로그, ESG 소식, 귀염 뽀짝 웹툰까지… 삼성전자 반도체 '카카오 뷰' 채널로 GO GO – 삼성반도체이야기  
삼성반도체이야기"
"삼성전자, 갤럭시 기기에 사용되는 '폐어망 플라스틱' 생산으로 탄소절감 효과 인증 - Samsung Newsroom Korea",https://news.samsung.com/kr/%EC%82%BC%EC%84%B1%EC%A0%84%EC%9E%90-%EA%B0%A4%EB%9F%AD%EC%8B%9C-%EA%B8%B0%EA%B8%B0%EC%97%90-%EC%82%AC%EC%9A%A9%EB%90%98%EB%8A%94-%ED%8F%90%EC%96%B4%EB%A7%9D-%ED%94%8C%EB%9D%BC%EC%8A%A4%ED%8B%B1,"Thu, 21 Apr 2022 02:13:13 GMT","삼성전자, 갤럭시 기기에 사용되는 '폐어망 플라스틱' 생산으로 탄소절감 효과 인증  Samsung Newsroom Korea"
삼성전자 노사 진전 없는 임금교섭 < 노사관계 < 노동 < 기사본문 - 매일노동뉴스,https://www.labortoday.co.kr/news/articleView.html?idxno=208508,"Wed, 20 Apr 2022 22:30:12 GMT",삼성전자 노사 진전 없는 임금교섭 < 노사관계 < 노동 < 기사본문  매일노동뉴스
"삼성전자, 갤럭시 기기 폐어망 활용해 탄소배출 25%↓ - 더밸류뉴스",http://thevaluenews.co.kr/news/view.php?idx=168757,"Thu, 21 Apr 2022 02:00:01 GMT","삼성전자, 갤럭시 기기 폐어망 활용해 탄소배출 25%↓  더밸류뉴스"
"삼성전자, 자립 준비 청소년 위한 '삼성 희망디딤돌' 경북센터 개소 - 뉴스와이어",https://www.newswire.co.kr/newsRead.php?no=943156,"Thu, 21 Apr 2022 04:48:53 GMT","삼성전자, 자립 준비 청소년 위한 '삼성 희망디딤돌' 경북센터 개소  뉴스와이어"
"임직원 브이로그, ESG 소식, 귀염 뽀짝 웹툰까지… 삼성전자 반도체 '카카오 뷰' 채널로 GO GO – 삼성반도체이야기 - 삼성반도체이야기",https://www.samsungsemiconstory.com/kr/%EC%9E%84%EC%A7%81%EC%9B%90-%EB%B8%8C%EC%9D%B4%EB%A1%9C%EA%B7%B8-esg-%EC%86%8C%EC%8B%9D-%EA%B7%80%EC%97%BC-%EB%BD%80%EC%A7%9D-%EC%9B%B9%ED%88%B0%EA%B9%8C%EC%A7%80-%EC%82%BC%EC%84%B1/,"Thu, 21 Apr 2022 00:17:18 GMT","임직원 브이로그, ESG 소식, 귀염 뽀짝 웹툰까지… 삼성전자 반도체 '카카오 뷰' 채널로 GO GO – 삼성반도체이야기  
삼성반도체이야기"
삼성전자 코스피 시총 비중 3년만에 최소…18%대로 줄어 - 매일경제,https://www.mk.co.kr/news/economy/view/2022/04/354323/,"Wed, 20 Apr 2022 21:05:00 GMT",삼성전자 코스피 시총 비중 3년만에 최소…18%대로 줄어  매일경제
삼성전자 '월드IT쇼 2022' 참가…'팀삼성 라이프' 체험공간 운영 - Samsung Newsroom Korea,https://news.samsung.com/kr/%EC%82%BC%EC%84%B1%EC%A0%84%EC%9E%90-%EC%9B%94%EB%93%9Cit%EC%87%BC-2022-%EC%B0%B8%EA%B0%80%ED%8C%80%EC%82%BC%EC%84%B1-%EB%9D%BC%EC%9D%B4%ED%94%84-%EC%B2%B4%ED%97%98%EA%B3%B5%EA%B0%84,"Tue, 19 Apr 2022 23:16:42 GMT",삼성전자 '월드IT쇼 2022' 참가…'팀삼성 라이프' 체험공간 운영  Samsung Newsroom Korea
"삼성전자, '폐어망 플라스틱' 사용 탄소절감 효과 인증 - 뉴데일리경제",https://biz.newdaily.co.kr/site/data/html/2022/04/21/2022042100062.html,"Thu, 21 Apr 2022 02:17:22 GMT","삼성전자, '폐어망 플라스틱' 사용 탄소절감 효과 인증  뉴데일리경제"
"삼성전자, CJ푸드빌과 손잡고 '비스포크 큐커' 미식 경험 확대 - Samsung Newsroom Korea",https://news.samsung.com/kr/%EC%82%BC%EC%84%B1%EC%A0%84%EC%9E%90-cj%ED%91%B8%EB%93%9C%EB%B9%8C%EA%B3%BC-%EC%86%90%EC%9E%A1%EA%B3%A0-%EB%B9%84%EC%8A%A4%ED%8F%AC%ED%81%AC-%ED%81%90%EC%BB%A4-%EB%AF%B8%EC%8B%9D-%EA%B2%BD,"Thu, 21 Apr 2022 02:13:13 GMT","삼성전자, CJ푸드빌과 손잡고 '비스포크 큐커' 미식 경험 확대  Samsung Newsroom Korea"
"[단독] 김기남 삼성전자 회장, 취임 첫 해외 행보…中보아오포럼 참석 - The Guru (더 구루)",https://www.theguru.co.kr/news/article.html?no=34329,"Thu, 21 Apr 2022 00:33:48 GMT","[단독] 김기남 삼성전자 회장, 취임 첫 해외 행보…中보아오포럼 참석  The Guru (더 구루)"
"삼성전자, '비스포크 무풍에어컨 갤러리 체온풍' 출시 - Samsung Newsroom Korea",https://news.samsung.com/kr/%EC%82%BC%EC%84%B1%EC%A0%84%EC%9E%90-%EB%B9%84%EC%8A%A4%ED%8F%AC%ED%81%AC-%EB%AC%B4%ED%92%8D%EC%97%90%EC%96%B4%EC%BB%A8-%EA%B0%A4%EB%9F%AC%EB%A6%AC-%EC%B2%B4%EC%98%A8%ED%92%8D-%EC%B6%9C%EC%8B%9C,"Wed, 20 Apr 2022 02:32:46 GMT","삼성전자, '비스포크 무풍에어컨 갤러리 체온풍' 출시  Samsung Newsroom Korea"
"삼성전자·하이닉스, 장 초반 1%대 상승…외인 ‘순매도 행렬’ 끝낼까 - 게임동아",https://www.donga.com/news/Economy/article/all/20220421/113001546/1,"Thu, 21 Apr 2022 01:33:00 GMT","삼성전자·하이닉스, 장 초반 1%대 상승…외인 ‘순매도 행렬’ 끝낼까  게임동아"
"코스피, 기관 '사자'에 장 초반 상승…삼성전자·SK하이닉스↑ - 한국경제",https://www.hankyung.com/finance/article/2022042115366,"Thu, 21 Apr 2022 00:16:37 GMT","코스피, 기관 '사자'에 장 초반 상승…삼성전자·SK하이닉스↑  한국경제"
"삼성전자, 4거래일 연속 올랐다..1%대 상승 - 이데일리",https://www.edaily.co.kr/news/read?newsId=01738406632298416&mediaCodeNo=257,"Thu, 21 Apr 2022 00:29:55 GMT","삼성전자, 4거래일 연속 올랐다..1%대 상승  이데일리"
"삼성전자 '비스포크 큐커'로 만든 요리, 빕스서 맛본다 - 연합뉴스",https://www.yna.co.kr/view/AKR20220421027900003?section=news&site=popup_newsflash,"Thu, 21 Apr 2022 02:00:06 GMT","삼성전자 '비스포크 큐커'로 만든 요리, 빕스서 맛본다  연합뉴스"
"삼성전자, 美서 QD-QLED TV 전격 발매…65인치 370만원 - 아시아타임즈",https://www.asiatime.co.kr/article/20220421500067,"Thu, 21 Apr 2022 01:37:00 GMT","삼성전자, 美서 QD-QLED TV 전격 발매…65인치 370만원  아시아타임즈"
삼성전자 등 18개 계열사 `삼성고시` 내달 중순 진행 - 이데일리,https://www.edaily.co.kr/news/read?newsId=01338246632298416&mediaCodeNo=257,"Wed, 20 Apr 2022 23:13:22 GMT",삼성전자 등 18개 계열사 `삼성고시` 내달 중순 진행  이데일리
삼성전자 코스피 시총 비중 3년만에 최소…18%대로 줄어 - 매일경제,https://www.mk.co.kr/news/economy/view/2022/04/354323/,"Wed, 20 Apr 2022 21:05:00 GMT",삼성전자 코스피 시총 비중 3년만에 최소…18%대로 줄어  매일경제
삼성전자 '월드IT쇼 2022' 참가…'팀삼성 라이프' 체험공간 운영 - Samsung Newsroom Korea,https://news.samsung.com/kr/%EC%82%BC%EC%84%B1%EC%A0%84%EC%9E%90-%EC%9B%94%EB%93%9Cit%EC%87%BC-2022-%EC%B0%B8%EA%B0%80%ED%8C%80%EC%82%BC%EC%84%B1-%EB%9D%BC%EC%9D%B4%ED%94%84-%EC%B2%B4%ED%97%98%EA%B3%B5%EA%B0%84,"Tue, 19 Apr 2022 23:16:42 GMT",삼성전자 '월드IT쇼 2022' 참가…'팀삼성 라이프' 체험공간 운영  Samsung Newsroom Korea
"[긴급진단] 고전 면치 못하는 삼성전자 주가, '6만전자' 언제 탈출하나 - 인포스탁데일리",http://www.infostockdaily.co.kr/news/articleView.html?idxno=171144,"Wed, 20 Apr 2022 23:24:21 GMT","[긴급진단] 고전 면치 못하는 삼성전자 주가, '6만전자' 언제 탈출하나  인포스탁데일리"
"삼성전자, '6만 전자' 탈출 전제조건은? - 팍스넷뉴스",https://paxnetnews.com/articles/85971,"Wed, 20 Apr 2022 23:01:15 GMT","삼성전자, '6만 전자' 탈출 전제조건은?  팍스넷뉴스"
삼성전자 노사 진전 없는 임금교섭 - 매일노동뉴스,http://www.labortoday.co.kr/news/articleView.html?idxno=208508,"Wed, 20 Apr 2022 22:30:12 GMT",삼성전자 노사 진전 없는 임금교섭  매일노동뉴스
[김남희의 차이나 트렌드] 아이폰 쓰면서 삼성 돈 받았다…갤S22 中 왕훙 마케팅 ‘수모’ - 조선비즈 - 조선비즈,https://biz.chosun.com/international/international_general/2022/04/21/AV2XZTK4DBGAXHZICUIZ4BBILI/,"Wed, 20 Apr 2022 21:45:00 GMT",[김남희의 차이나 트렌드] 아이폰 쓰면서 삼성 돈 받았다…갤S22 中 왕훙 마케팅 ‘수모’ - 조선비즈  조선비즈
"[공시王] 원익QnC, 쿼츠제조공장 증설…삼성전자, 평택3라인 가동에 수혜 전망 - 인포스탁데일리",http://www.infostockdaily.co.kr/news/articleView.html?idxno=171159,"Wed, 20 Apr 2022 23:24:21 GMT","[공시王] 원익QnC, 쿼츠제조공장 증설…삼성전자, 평택3라인 가동에 수혜 전망  인포스탁데일리"
"코잇, 4월 21일 옥션 올킬 프로모션 통해 삼성전자 데스크탑 할인 판매 - 알럽피씨",https://www.ilovepc.co.kr/news/articleView.html?idxno=43132,"Wed, 20 Apr 2022 15:00:00 GMT","코잇, 4월 21일 옥션 올킬 프로모션 통해 삼성전자 데스크탑 할인 판매  알럽피씨"
"유진투자 ""삼성전자, 기술력·미래에 물음표…목표가 8만8천원"" - 연합뉴스",https://www.yna.co.kr/view/AKR20220404026300002,"Mon, 04 Apr 2022 07:00:00 GMT","유진투자 ""삼성전자, 기술력·미래에 물음표…목표가 8만8천원""  연합뉴스"
외국인 '패대기' 삼성전자…'6만전자' 탈출은 언제 - 이데일리,https://www.edaily.co.kr/news/read?newsId=01105366632298416&mediaCodeNo=257,"Wed, 20 Apr 2022 15:05:00 GMT",외국인 '패대기' 삼성전자…'6만전자' 탈출은 언제  이데일리
삼성 차세대 폴더블폰에 LG 배터리 - 전자부품 전문 미디어 디일렉 - 디일렉,http://www.thelec.kr/news/articleView.html?idxno=16728,"Wed, 20 Apr 2022 07:32:00 GMT",삼성 차세대 폴더블폰에 LG 배터리 - 전자부품 전문 미디어 디일렉  디일렉
[영상] QD-OLED 더 얇게 만드려는 삼성 - 디일렉,http://www.thelec.kr/news/articleView.html?idxno=16725,"Wed, 20 Apr 2022 06:48:19 GMT",[영상] QD-OLED 더 얇게 만드려는 삼성  디일렉
"삼성전자, 日서 갤S22 사전판매 50% 증가...흥행 '청신호' - 뉴데일리경제",https://biz.newdaily.co.kr/site/data/html/2022/04/22/2022042200046.html,"Fri, 22 Apr 2022 02:57:30 GMT","
   
   1. 삼성전자, 日서 갤S22 사전판매 50% 증가...흥행 '청신호'  뉴데일리경제
   2. 삼성 갤럭시S22, 일본 사전판매 전작 대비 50% 증가  ZD넷 코리아
   3. 삼성 갤S22 일본 사전판매 50% 증가…현지시장 2위 노린다  매일경제
   4. 삼성전자 1분기 세계 스마트폰 1위 수성…애플에 6%p 앞서  노컷뉴스
   5. 아이폰 독식 일본시장…삼성 '갤S22' 대박 조짐  이데일리
   6. *Google 뉴스에서 전체 콘텐츠 보기*

"
[인재 전쟁] 고급 인력 뺏길라…삼성전자·SK하이닉스 '노심초사' - 위키리크스한국,http://www.wikileaks-kr.org/news/articleView.html?idxno=124830,"Wed, 20 Apr 2022 06:48:00 GMT",[인재 전쟁] 고급 인력 뺏길라…삼성전자·SK하이닉스 '노심초사'  위키리크스한국
"포켓몬 열풍, 결국 삼성전자까지...갤Z플립3 포켓몬 에디션 출시 - 뉴시안",http://www.newsian.co.kr/news/articleView.html?idxno=54512,"Wed, 20 Apr 2022 08:42:39 GMT","포켓몬 열풍, 결국 삼성전자까지...갤Z플립3 포켓몬 에디션 출시  뉴시안"
"한종희 삼성전자 부회장 장애인 채용 확대, 근무 환경 개선에 노력 - 아주경제",https://www.ajunews.com/view/20220420180042468,"Wed, 20 Apr 2022 09:19:07 GMT","한종희 삼성전자 부회장 장애인 채용 확대, 근무 환경 개선에 노력  아주경제"
"[속보] 검찰, `웰스토리 부당 지원` 수원 삼성전자 본사 압수수색 - 매일경제",https://www.mk.co.kr/news/business/view/2022/03/277838/,"Mon, 28 Mar 2022 07:00:00 GMT","[속보] 검찰, `웰스토리 부당 지원` 수원 삼성전자 본사 압수수색  매일경제"
"20일, 외국인 거래소에서 삼성전자(+0.15%), 삼성전자우(-1.15%) 등 순매도 - 한국경제",https://www.hankyung.com/finance/article/202204200826L,"Wed, 20 Apr 2022 09:35:25 GMT","20일, 외국인 거래소에서 삼성전자(+0.15%), 삼성전자우(-1.15%) 등 순매도  한국경제"
"SKT-삼성전자, 양자보안 5G폰 '갤럭시 퀀텀3' 출시 - 천지일보",http://www.newscj.com/news/articleView.html?idxno=972044,"Wed, 20 Apr 2022 10:16:50 GMT","SKT-삼성전자, 양자보안 5G폰 '갤럭시 퀀텀3' 출시  천지일보"
[포토]조문하는 이재용 삼성전자 부회장 - 아이뉴스24,https://www.inews24.com/view/1472424,"Wed, 20 Apr 2022 07:59:00 GMT",[포토]조문하는 이재용 삼성전자 부회장  아이뉴스24
"삼성 라이벌 TSMC, 소니와 손잡고 日 반도체 공장 착공…2024년 가동 - 조선비즈 - 조선비즈",https://biz.chosun.com/international/international_general/2022/04/20/PUI35BOBRJCDRBS4RZL35EAQ7I/,"Wed, 20 Apr 2022 05:34:00 GMT","삼성 라이벌 TSMC, 소니와 손잡고 日 반도체 공장 착공…2024년 가동 - 조선비즈  조선비즈"
"한종희 삼성전자 부회장 ""장애인 직원 불편없도록 환경 개선"" - 한국경제",https://www.hankyung.com/economy/article/202204209412i,"Wed, 20 Apr 2022 05:04:58 GMT","한종희 삼성전자 부회장 ""장애인 직원 불편없도록 환경 개선""  한국경제"
"같은 삼성인데…'전자' 휘청, ETF는 우뚝 - 한국경제",https://www.hankyung.com/finance/article/2022041845361,"Mon, 18 Apr 2022 08:15:48 GMT","같은 삼성인데…'전자' 휘청, ETF는 우뚝  한국경제"
"삼성전자 파운드리사업부, '중견' 고객사 잡기 총력…왜? - 디지털데일리",http://m.ddaily.co.kr/m/m_article/?no=234862,"Tue, 05 Apr 2022 07:00:00 GMT","삼성전자 파운드리사업부, '중견' 고객사 잡기 총력…왜?  디지털데일리"
삼성 갤럭시A53 두뇌 '엑시노스 1280' 상세 스펙 처음 공개 - ZD넷 코리아,https://zdnet.co.kr/view/?no=20220420163516,"Wed, 20 Apr 2022 07:48:49 GMT",삼성 갤럭시A53 두뇌 '엑시노스 1280' 상세 스펙 처음 공개  ZD넷 코리아
"[장중시황] 코스피, 0.5% 하락하며 2700선 위협…삼성전자 1% 하락 - 뉴스1",https://www.news1.kr/articles/?4654471,"Wed, 20 Apr 2022 01:36:52 GMT","[장중시황] 코스피, 0.5% 하락하며 2700선 위협…삼성전자 1% 하락  뉴스1"
"삼성전자, 부산EDC(에코델타시티) 스마트빌리지 투어 개최 - 한국건설신문",http://www.conslove.co.kr/news/articleView.html?idxno=73630,"Wed, 20 Apr 2022 05:05:00 GMT","삼성전자, 부산EDC(에코델타시티) 스마트빌리지 투어 개최  한국건설신문"
삼성전자 1분기 세계 스마트폰 1위 수성…중국업체들 '주춤' - 매일경제,https://www.mk.co.kr/news/business/view/2022/04/353564/,"Wed, 20 Apr 2022 09:06:19 GMT",삼성전자 1분기 세계 스마트폰 1위 수성…중국업체들 '주춤'  매일경제
"삼성전자 시스템LSI, 외부 설계 프로젝트 수주 축소 전망 - KIPOST",https://www.kipost.net/news/articleView.html?idxno=213108,"Wed, 20 Apr 2022 07:16:45 GMT","삼성전자 시스템LSI, 외부 설계 프로젝트 수주 축소 전망  KIPOST"
"코잇, 4월 20일 네이버 '쇼핑 라이브' 통해 삼성전자 갤럭시 자급제 휴대폰 판매 - 알럽피씨",https://www.ilovepc.co.kr/news/articleView.html?idxno=43122,"Wed, 20 Apr 2022 05:30:00 GMT","코잇, 4월 20일 네이버 '쇼핑 라이브' 통해 삼성전자 갤럭시 자급제 휴대폰 판매  알럽피씨"
코스피 상장사 배당금 13.7%↓…삼성전자 제외하면 증가 - 데일리한국,http://daily.hankooki.com/news/articleView.html?idxno=814944,"Wed, 20 Apr 2022 06:59:58 GMT",코스피 상장사 배당금 13.7%↓…삼성전자 제외하면 증가  데일리한국
"[특징주] 알에스오토메이션, 삼성전자 공급 소식에 거래량 3배...주가↑ - 내외경제TV",https://www.nbntv.co.kr/news/articleView.html?idxno=967440,"Wed, 20 Apr 2022 02:01:40 GMT","[특징주] 알에스오토메이션, 삼성전자 공급 소식에 거래량 3배...주가↑  내외경제TV"
"삼성전자 코스피내 시총 비중, 작년초 25%에서 19.5%까지 추락 - 글로벌경제신문",https://www.getnews.co.kr/news/articleView.html?idxno=581113,"Tue, 19 Apr 2022 23:50:36 GMT","삼성전자 코스피내 시총 비중, 작년초 25%에서 19.5%까지 추락  글로벌경제신문"
"코잇, 4월 20일 네이버 '쇼핑 라이브' 통해 삼성전자 PC 라인업 판매 - 알럽피씨",https://www.ilovepc.co.kr/news/articleView.html?idxno=43123,"Wed, 20 Apr 2022 00:47:54 GMT","코잇, 4월 20일 네이버 '쇼핑 라이브' 통해 삼성전자 PC 라인업 판매  알럽피씨"
삼성전자 '월드IT쇼 2022' 참가…'팀삼성 라이프' 체험공간 운영 - Samsung Newsroom Korea,https://news.samsung.com/kr/%EC%82%BC%EC%84%B1%EC%A0%84%EC%9E%90-%EC%9B%94%EB%93%9Cit%EC%87%BC-2022-%EC%B0%B8%EA%B0%80%ED%8C%80%EC%82%BC%EC%84%B1-%EB%9D%BC%EC%9D%B4%ED%94%84-%EC%B2%B4%ED%97%98%EA%B3%B5%EA%B0%84,"Tue, 19 Apr 2022 23:16:42 GMT","
   
   1. 삼성전자 '월드IT쇼 2022' 참가…'팀삼성 라이프' 체험공간 운영  Samsung Newsroom Korea
   2. 삼성전자 '월드IT쇼' 참가…기기간 연결로 '팀삼성 라이프' 선봬  매일경제
   3. 삼성전자 '월드IT쇼'서 '팀삼성 라이프' 4개 체험공간 운영  ZD넷 코리아
   4. 삼성전자, 월드 IT쇼 2022서 '팀삼성 라이프' 공간 운영  한국금융신문
   5. 삼성전자, 갤럭시S22·Neo QLED 8K TV 등…혁신 기술이 녹여낸 생활가전 총출동  한국경제
   6. *Google 뉴스에서 전체 콘텐츠 보기*

"
"삼성전자, '비스포크 무풍에어컨 갤러리 체온풍' 출시 - Samsung Newsroom Korea",https://news.samsung.com/kr/%EC%82%BC%EC%84%B1%EC%A0%84%EC%9E%90-%EB%B9%84%EC%8A%A4%ED%8F%AC%ED%81%AC-%EB%AC%B4%ED%92%8D%EC%97%90%EC%96%B4%EC%BB%A8-%EA%B0%A4%EB%9F%AC%EB%A6%AC-%EC%B2%B4%EC%98%A8%ED%92%8D-%EC%B6%9C%EC%8B%9C,"Wed, 20 Apr 2022 02:32:46 GMT","삼성전자, '비스포크 무풍에어컨 갤러리 체온풍' 출시  Samsung Newsroom Korea"
임금협상 두고 고민 깊어지는 삼성전자...경쟁사 눈치만 - 한국일보,https://www.hankookilbo.com/News/Read/A2022041911190003215,"Tue, 19 Apr 2022 19:30:00 GMT",임금협상 두고 고민 깊어지는 삼성전자...경쟁사 눈치만  한국일보
"삼성전자 화성캠퍼스, 협력사 임직원 건강증진센터 운영 - 매일경제",https://www.mk.co.kr/news/business/view/2022/04/351445/,"Wed, 20 Apr 2022 02:48:15 GMT","삼성전자 화성캠퍼스, 협력사 임직원 건강증진센터 운영  매일경제"
"포켓몬 열풍…삼성전자, 갤럭시Z플립3 '포켓몬 에디션' 출시 - 한국경제",https://www.hankyung.com/it/article/2022041979387,"Tue, 19 Apr 2022 11:37:59 GMT","포켓몬 열풍…삼성전자, 갤럭시Z플립3 '포켓몬 에디션' 출시  한국경제"
삼성전자 '월드IT쇼 2022'에 '팀삼성 라이프' 체험공간 운영 - 뉴스핌,https://m.newspim.com/news/view/20220420000043,"Tue, 19 Apr 2022 23:39:00 GMT",삼성전자 '월드IT쇼 2022'에 '팀삼성 라이프' 체험공간 운영  뉴스핌
"""전세계 갤럭시 빛났다""…삼성폰, 애플 샤오미 제치고 압도적 1위 - 매일경제",https://www.mk.co.kr/news/business/view/2022/04/350711/,"Wed, 20 Apr 2022 00:49:43 GMT","""전세계 갤럭시 빛났다""…삼성폰, 애플 샤오미 제치고 압도적 1위  매일경제"
"[단독] 삼성전자, '前 IP센터 임원 설립' NPE에 특허 100건 넘겨 - The Guru (더 구루)",https://www.theguru.co.kr/news/article.html?no=34269,"Wed, 20 Apr 2022 00:58:31 GMT","[단독] 삼성전자, '前 IP센터 임원 설립' NPE에 특허 100건 넘겨  The Guru (더 구루)"
삼성전자 '월드IT쇼' 참가…기기간 연결로 '팀삼성 라이프' 선봬 - 매일경제,https://www.mk.co.kr/news/business/view/2022/04/350432/,"Wed, 20 Apr 2022 00:01:42 GMT",삼성전자 '월드IT쇼' 참가…기기간 연결로 '팀삼성 라이프' 선봬  매일경제
6만전자 표류' 삼성전자 주가…불안요소↑ - 쿠키뉴스,https://www.kukinews.com/newsView/kuk202204190195,"Tue, 19 Apr 2022 21:00:01 GMT",6만전자 표류' 삼성전자 주가…불안요소↑  쿠키뉴스
[스마트폰 시장 양극화] 삼성 갤럭시 불안한 1위...프리미엄 강화해야 퀀텀 점프 - 아주경제,https://www.ajunews.com/view/20220419162555584,"Tue, 19 Apr 2022 21:20:22 GMT",[스마트폰 시장 양극화] 삼성 갤럭시 불안한 1위...프리미엄 강화해야 퀀텀 점프  아주경제
출렁대는 삼성전자 주가…ELS 투자자 '희비교차' - 비즈니스워치,http://news.bizwatch.co.kr/article/market/2022/04/19/0014/google,"Tue, 19 Apr 2022 21:45:02 GMT",출렁대는 삼성전자 주가…ELS 투자자 '희비교차'  비즈니스워치
"[단독] 삼성전자, 데이터 분석 전문 '엔소' 투자 - The Guru (더 구루)",https://www.theguru.co.kr/news/article.html?no=34250,"Tue, 19 Apr 2022 23:25:20 GMT","[단독] 삼성전자, 데이터 분석 전문 '엔소' 투자  The Guru (더 구루)"
6만전자 표류' 삼성전자 주가…불안요소↑ - 쿠키뉴스,http://www.kukinews.com/newsView/kuk202204190195,"Tue, 19 Apr 2022 21:00:01 GMT",6만전자 표류' 삼성전자 주가…불안요소↑  쿠키뉴스
임금협상 두고 고민 깊어지는 삼성전자...경쟁사 눈치만 - 한국일보,https://m.hankookilbo.com/News/Read/A2022041911190003215,"Tue, 19 Apr 2022 19:30:00 GMT",임금협상 두고 고민 깊어지는 삼성전자...경쟁사 눈치만  한국일보
"오늘 주문 내일 도착...오늘의집, 삼성전자 `빠른가전배송` 서비스 선봬 - 매일경제",https://www.mk.co.kr/economy/view/2022/348816/,"Tue, 19 Apr 2022 06:57:48 GMT","오늘 주문 내일 도착...오늘의집, 삼성전자 `빠른가전배송` 서비스 선봬  매일경제"
"삼성전자, 지지부진 M&A... 'IB 출신' 외부 인사 전면 배치 - 뉴데일리경제",https://biz.newdaily.co.kr/site/data/html/2022/04/20/2022042000012.html,"Tue, 19 Apr 2022 22:03:56 GMT","
   
   1. 삼성전자, 지지부진 M&A... 'IB 출신' 외부 인사 전면 배치  뉴데일리경제
   2. 안중현 삼성전자 부사장, 사장 승진해 삼성글로벌리서치로 이동 - 조선비즈  조선비즈
   3. 삼성전자 안중현 부사장, 사장 승진해 삼성글로벌리서치로 이동  매일경제
   4. '드디어'…삼성전자, 하만 인수 주역 '이 사람' 콕 집었다  한국경제
   5. *Google 뉴스에서 전체 콘텐츠 보기*

"
삼성전자·SK하이닉스 모처럼 반등…코스피 0.95% 상승 - 한국경제,https://www.hankyung.com/finance/article/2022041970536,"Tue, 19 Apr 2022 06:44:31 GMT",삼성전자·SK하이닉스 모처럼 반등…코스피 0.95% 상승  한국경제
"삼성전자, 결로·E손실 방지 AHU 출시 - KHARN칸",http://www.kharn.kr/mobile/article.html?no=18976,"Sun, 03 Apr 2022 07:00:00 GMT","삼성전자, 결로·E손실 방지 AHU 출시  KHARN칸"
"[뉴스줌인]삼성전자 매출 '300조', 반도체와 스마트폰이 동력 - 전자신문",https://m.etnews.com/20220407000161,"Thu, 07 Apr 2022 07:00:00 GMT","[뉴스줌인]삼성전자 매출 '300조', 반도체와 스마트폰이 동력  전자신문"
또 고개 든 '위기론' 삼성전자 선택은 - 이코노믹리뷰,http://www.econovill.com/news/articleView.html?idxno=572738,"Tue, 19 Apr 2022 08:39:52 GMT",또 고개 든 '위기론' 삼성전자 선택은  이코노믹리뷰
"삼성重, 1900억원 규모 삼성전자 평택 반도체공장 공사 계약 - 뉴데일리경제",https://biz.newdaily.co.kr/site/data/html/2022/04/19/2022041900129.html,"Tue, 19 Apr 2022 05:43:32 GMT","삼성重, 1900억원 규모 삼성전자 평택 반도체공장 공사 계약  뉴데일리경제"
"""비교할 수 없는 성능"" 삼성전자 사운드바, 해외 호평 - 한국경제",https://www.hankyung.com/economy/article/202204182783i,"Mon, 18 Apr 2022 00:19:38 GMT","""비교할 수 없는 성능"" 삼성전자 사운드바, 해외 호평  한국경제"
"LG전자, 삼성전자 출신 앱 전문가 '스마트TV 사업' 전무로 영입 - ZD넷 코리아",https://zdnet.co.kr/view/?no=20220418143530,"Mon, 18 Apr 2022 05:39:27 GMT","LG전자, 삼성전자 출신 앱 전문가 '스마트TV 사업' 전무로 영입  ZD넷 코리아"
"삼성중공업, 삼성전자 평택반도체공장 공사 1900억 수주 - 조선비즈 - 조선비즈",https://biz.chosun.com/industry/company/2022/04/19/5YB5BNHQVFB7JPEUWBSVL6HW4I/,"Tue, 19 Apr 2022 00:37:00 GMT","삼성중공업, 삼성전자 평택반도체공장 공사 1900억 수주 - 조선비즈  조선비즈"
[비전리스 삼성] ⑤한종희 부회장은 왜 2년 만에 말을 바꿨나 - 블로터,https://www.bloter.net/newsView/blt202204180010,"Mon, 18 Apr 2022 22:00:02 GMT",[비전리스 삼성] ⑤한종희 부회장은 왜 2년 만에 말을 바꿨나  블로터
"오늘 주문 내일 도착...오늘의집, 삼성전자 `빠른가전배송` 서비스 선봬 - 매일경제",https://www.mk.co.kr/news/business/view/2022/04/348816/,"Tue, 19 Apr 2022 06:57:48 GMT","오늘 주문 내일 도착...오늘의집, 삼성전자 `빠른가전배송` 서비스 선봬  매일경제"
"올해 TV 시장 '삼중고'...삼성·LG, 프리미엄 TV 로 돌파구 - ZD넷 코리아",https://zdnet.co.kr/view/?no=20220419162701,"Tue, 19 Apr 2022 08:05:14 GMT","올해 TV 시장 '삼중고'...삼성·LG, 프리미엄 TV 로 돌파구  ZD넷 코리아"
"""역시 AS서비스는 삼성""…전쟁통 우크라서도 맹활약 - 매일경제",https://www.mk.co.kr/news/business/view/2022/04/349284/,"Tue, 19 Apr 2022 08:37:10 GMT","""역시 AS서비스는 삼성""…전쟁통 우크라서도 맹활약  매일경제"
"삼성전자, 내달 첫주부터 P3 반도체 장비 셋업 시작 - 디일렉",http://www.thelec.kr/news/articleView.html?idxno=16695,"Tue, 19 Apr 2022 01:20:00 GMT","삼성전자, 내달 첫주부터 P3 반도체 장비 셋업 시작  디일렉"
[특징주] 반도체주 강세…삼성전자 '신저가 행진' 멈춰 - 매일경제,https://www.mk.co.kr/news/economy/view/2022/04/348783/,"Tue, 19 Apr 2022 06:50:57 GMT",[특징주] 반도체주 강세…삼성전자 '신저가 행진' 멈춰  매일경제
삼성전자 `스마트 모니터` 밀리언셀러 등극 - 매일경제,https://www.mk.co.kr/news/business/view/2022/04/349279/,"Tue, 19 Apr 2022 08:36:23 GMT",삼성전자 `스마트 모니터` 밀리언셀러 등극  매일경제
"삼성전자, 갤럭시S22·Neo QLED 8K TV 등…혁신 기술이 녹여낸 생활가전 총출동 - 한국경제",https://www.hankyung.com/economy/article/2022041958221,"Tue, 19 Apr 2022 07:26:42 GMT","삼성전자, 갤럭시S22·Neo QLED 8K TV 등…혁신 기술이 녹여낸 생활가전 총출동  한국경제"
"코스피, 기관 매수에 2710선 회복…삼성전자 SK하이닉스 강세 - 매일경제",https://www.mk.co.kr/news/stock/view/2022/04/349031/,"Tue, 19 Apr 2022 07:34:56 GMT","코스피, 기관 매수에 2710선 회복…삼성전자 SK하이닉스 강세  매일경제"
"삼성중공업, 삼성전자 평택 반도체 공장 짓는다…계약 규모 1901억원 - 더밸류뉴스",http://thevaluenews.co.kr/news/view.php?idx=168709,"Tue, 19 Apr 2022 04:11:27 GMT","삼성중공업, 삼성전자 평택 반도체 공장 짓는다…계약 규모 1901억원  더밸류뉴스"
"삼성전자 띠부띠부씰도 주나, 갤럭시Z플립3 포켓몬 에디션 출시 - 비즈니스포스트",https://www.businesspost.co.kr/BP?command=article_view&num=278266,"Tue, 19 Apr 2022 07:29:17 GMT","삼성전자 띠부띠부씰도 주나, 갤럭시Z플립3 포켓몬 에디션 출시  비즈니스포스트"
"삼성전자 'PM1743', 한국정보통신진흥협회장상 - 한국경제",https://www.hankyung.com/economy/article/2022041958551,"Tue, 19 Apr 2022 07:23:58 GMT","삼성전자 'PM1743', 한국정보통신진흥협회장상  한국경제"
"삼성전자, 미국서 '갤럭시S21 리퍼비시' 사전예약 - 신아일보",http://www.shinailbo.co.kr/news/articleView.html?idxno=1541359,"Tue, 19 Apr 2022 07:06:25 GMT","삼성전자, 미국서 '갤럭시S21 리퍼비시' 사전예약  신아일보"
삼성전자 포터블 스크린 '더 프리스타일'…휴대 편한 디자인·스마트 기능 '호평' - 한국경제,https://www.hankyung.com/economy/article/2022041958531,"Tue, 19 Apr 2022 07:23:27 GMT",삼성전자 포터블 스크린 '더 프리스타일'…휴대 편한 디자인·스마트 기능 '호평'  한국경제
와우넷 이경락 삼성전자 매수해야 할 시점은 - 한국경제TV 산업·IT뉴스,https://www.wowtv.co.kr/NewsCenter/News/Read?articleId=A202204190252,"Tue, 19 Apr 2022 08:13:00 GMT",와우넷 이경락 삼성전자 매수해야 할 시점은  한국경제TV 산업·IT뉴스
안중현 삼성전자 부사장 사장 승진···삼성글로벌리서치로 이동 - 에너지경제,https://www.ekn.kr/web/view.php?key=20220419010003205,"Tue, 19 Apr 2022 06:06:54 GMT",안중현 삼성전자 부사장 사장 승진···삼성글로벌리서치로 이동  에너지경제
삼성전자 갤럭시 A53 5G와 A33 5G에 숨겨진 세 가지 의미 - IT동아,https://it.donga.com/101914/,"Sat, 19 Mar 2022 07:00:00 GMT",삼성전자 갤럭시 A53 5G와 A33 5G에 숨겨진 세 가지 의미  IT동아
6만전자는 기회? 삼성전자 임원진 줄줄이 ‘사자’ 행렬 - 조선비즈 - 조선비즈,https://biz.chosun.com/stock/stock_general/2022/04/19/6LVKWTGXNJCEJHE47IQIRPHFA4/,"Tue, 19 Apr 2022 05:30:00 GMT",6만전자는 기회? 삼성전자 임원진 줄줄이 ‘사자’ 행렬 - 조선비즈  조선비즈
"삼성전자, 반도체 투자 확대 전망에…반도체 관련주들 '훈풍' - 한국경제",https://www.hankyung.com/finance/article/202204196900i,"Tue, 19 Apr 2022 06:04:44 GMT","삼성전자, 반도체 투자 확대 전망에…반도체 관련주들 '훈풍'  한국경제"
"[공시]삼성중공업, 삼성전자와 1900억원 규모 계약 - 파이낸셜뉴스",https://www.fnnews.com/news/202204191011476545,"Tue, 19 Apr 2022 01:12:00 GMT","[공시]삼성중공업, 삼성전자와 1900억원 규모 계약  파이낸셜뉴스"
"삼성전자 갤럭시Z폴드4용 S펜 크기 작아진다, 내장공간 확보 목적 - 비즈니스포스트",http://www.businesspost.co.kr/BP?command=article_view&num=278224,"Tue, 19 Apr 2022 04:40:44 GMT","삼성전자 갤럭시Z폴드4용 S펜 크기 작아진다, 내장공간 확보 목적  비즈니스포스트"
"삼성전자, 베스트셀러 모델 엑시노스 적용…'자존심 회복' 나서나 - 아시아타임즈",https://www.asiatime.co.kr/article/20220419500084,"Tue, 19 Apr 2022 01:34:00 GMT","삼성전자, 베스트셀러 모델 엑시노스 적용…'자존심 회복' 나서나  아시아타임즈"
"삼성전자, 伊 소비자 만족도 싹쓸이… 에어컨·TV·스마트폰 모두 1위 - 뉴데일리경제",https://biz.newdaily.co.kr/site/data/html/2022/04/17/2022041700007.html,"Sat, 16 Apr 2022 23:46:59 GMT","삼성전자, 伊 소비자 만족도 싹쓸이… 에어컨·TV·스마트폰 모두 1위  뉴데일리경제"
연일 신저가' 삼성전자…임원진들은 줄줄이 사들였다 - 서울경제 - 서울경제신문,https://www.sedaily.com/NewsView/264R5XXWH3/GA01,"Tue, 19 Apr 2022 06:07:36 GMT",연일 신저가' 삼성전자…임원진들은 줄줄이 사들였다 - 서울경제  서울경제신문
"[특징주] 백광산업, 삼성전자와 국산화 협업 고순도 염화수소 공장 4배 증설 소식에↑ - 파이낸셜뉴스",https://www.fnnews.com/news/202204191049130281,"Tue, 19 Apr 2022 01:59:00 GMT","[특징주] 백광산업, 삼성전자와 국산화 협업 고순도 염화수소 공장 4배 증설 소식에↑  파이낸셜뉴스"
"삼성전자 SW교육프로그램 청년교육생 1150명 모집, 취업률 80% 넘어 - 비즈니스포스트",https://www.businesspost.co.kr/BP?command=article_view&num=278100,"Mon, 18 Apr 2022 06:08:08 GMT","삼성전자 SW교육프로그램 청년교육생 1150명 모집, 취업률 80% 넘어  비즈니스포스트"
"`사내 급식 몰아주기` 제재…삼성전자, 구내식당 28개 추가 공개입찰 - 매일경제",https://m.mk.co.kr/news/business/view/2022/03/255376/,"Mon, 21 Mar 2022 07:00:00 GMT","`사내 급식 몰아주기` 제재…삼성전자, 구내식당 28개 추가 공개입찰  매일경제"
"삼성전자 안중현 부사장, 사장 승진해 삼성글로벌리서치로 이동 - 매일경제",https://www.mk.co.kr/news/business/view/2022/04/347611/,"Tue, 19 Apr 2022 03:09:04 GMT","삼성전자 안중현 부사장, 사장 승진해 삼성글로벌리서치로 이동  매일경제"
"삼성重, 삼성전자 반도체공장 건설공사 일부 1천901억원에 수주 - 매일경제",https://www.mk.co.kr/news/stock/view/2022/04/346958/,"Tue, 19 Apr 2022 01:20:03 GMT","삼성重, 삼성전자 반도체공장 건설공사 일부 1천901억원에 수주  매일경제"
"삼성전자, '스마트 모니터' 밀리언셀러 등극 - 뉴스와이어",https://www.newswire.co.kr/newsRead.php?no=942969,"Tue, 19 Apr 2022 02:05:00 GMT","삼성전자, '스마트 모니터' 밀리언셀러 등극  뉴스와이어"
"삼성전자, 역대급 실적에도 '6만 전자' 늪에서 빠져나오지 못하는 까닭은? - 인사이트코리아",http://www.insightkorea.co.kr/news/articleView.html?idxno=96119,"Mon, 18 Apr 2022 06:20:00 GMT","삼성전자, 역대급 실적에도 '6만 전자' 늪에서 빠져나오지 못하는 까닭은?  인사이트코리아"
"오늘의집, 삼성전자 가전 익일 배송 및 설치 - 전자신문",https://m.etnews.com/20220419000025,"Tue, 19 Apr 2022 00:38:00 GMT","오늘의집, 삼성전자 가전 익일 배송 및 설치  전자신문"
OLED 패널 협상 지지부진…삼성·LGD '블러핑' 언제까지? - IT조선,http://it.chosun.com/site/data/html_dir/2022/04/18/2022041801983.html,"Mon, 18 Apr 2022 21:00:00 GMT",OLED 패널 협상 지지부진…삼성·LGD '블러핑' 언제까지?  IT조선
"[공시]삼성중공업, 삼성전자와 1900억원 규모 계약 - 파이낸셜뉴스",https://www.fnnews.com/news/202204191011476545,"Tue, 19 Apr 2022 01:12:00 GMT","[공시]삼성중공업, 삼성전자와 1900억원 규모 계약  파이낸셜뉴스"
"[급등주]이엘피 주가 14% 상승세, 삼성전자 롤러블 특허 주목 - 국제뉴스",https://www.gukjenews.com/news/articleView.html?idxno=2450723,"Tue, 19 Apr 2022 01:48:57 GMT","[급등주]이엘피 주가 14% 상승세, 삼성전자 롤러블 특허 주목  국제뉴스"
"[특징주] 삼성전자·SK하이닉스 반도체주, 필라델피아 반도체지수 상승에 ↑ - 이투데이",https://www.etoday.co.kr/news/view/2125284,"Tue, 19 Apr 2022 00:53:00 GMT","[특징주] 삼성전자·SK하이닉스 반도체주, 필라델피아 반도체지수 상승에 ↑  이투데이"
"삼성전자, 공시지원금 대폭 확대… 프리미엄폰 전략 어디로? - 서울와이어",http://www.seoulwire.com/news/articleView.html?idxno=467661,"Tue, 19 Apr 2022 02:14:28 GMT","삼성전자, 공시지원금 대폭 확대… 프리미엄폰 전략 어디로?  서울와이어"
"삼성重, 삼성전자 평택반도체 공장 1900억 공사수주 - 아시아경제",https://www.asiae.co.kr/article/2022041910061561969,"Tue, 19 Apr 2022 00:36:00 GMT","삼성重, 삼성전자 평택반도체 공장 1900억 공사수주  아시아경제"
2022년 Neo QLED 8K 신제품을 만나다' 삼성전자 '언박스 & 디스커버 2022' 행사 요약정리 - Samsung Newsroom Korea,https://news.samsung.com/kr/2022%EB%85%84-neo-qled-8k-%EC%8B%A0%EC%A0%9C%ED%92%88%EC%9D%84-%EB%A7%8C%EB%82%98%EB%8B%A4-%EC%82%BC%EC%84%B1%EC%A0%84%EC%9E%90-%EC%96%B8%EB%B0%95%EC%8A%A4-%EB%94%94,"Thu, 31 Mar 2022 07:00:00 GMT","2022년 Neo QLED 8K 신제품을 만나다' 삼성전자 '언박스 & 디스커버 2022' 행사 요약정리  Samsung 
Newsroom Korea"
"삼성-SK, '반도체 인력난'에 '직원 이탈' 골머리 - 뉴데일리경제",https://biz.newdaily.co.kr/site/data/html/2022/04/19/2022041900006.html,"Mon, 18 Apr 2022 22:17:29 GMT","삼성-SK, '반도체 인력난'에 '직원 이탈' 골머리  뉴데일리경제"
"삼성전자, 외인 매도 중 '찔끔' 반등 …대체 언제까지? - 뉴스1",https://www.news1.kr/articles/?4652390,"Mon, 18 Apr 2022 21:01:00 GMT","삼성전자, 외인 매도 중 '찔끔' 반등 …대체 언제까지?  뉴스1"
"삼성전자 투자 암호화폐 거래소 FTX, 3월 거래량 전년비 64% 급증 - The Guru (더 구루)",https://www.theguru.co.kr/news/article.html?no=34178,"Mon, 18 Apr 2022 23:14:12 GMT","삼성전자 투자 암호화폐 거래소 FTX, 3월 거래량 전년비 64% 급증  The Guru (더 구루)"
삼성전자 '청년SW아카데미' 8기 총 1150명 모집 - 뉴스프리존,http://www.newsfreezone.co.kr/news/articleView.html?idxno=375515,"Mon, 18 Apr 2022 05:45:00 GMT",삼성전자 '청년SW아카데미' 8기 총 1150명 모집  뉴스프리존
"[우크라 침공] 전쟁통에도 AS는 계속된다…삼성전자, 무료 픽업서비스 개시 - 매일경제",https://www.mk.co.kr/news/it/view/2022/04/346131/,"Mon, 18 Apr 2022 21:01:00 GMT","[우크라 침공] 전쟁통에도 AS는 계속된다…삼성전자, 무료 픽업서비스 개시  매일경제"
"코아시아옵틱스, 삼성 갤럭시S용 카메라 이어 렌즈도 공급 - 디일렉",http://www.thelec.kr/news/articleView.html?idxno=16702,"Mon, 18 Apr 2022 07:13:13 GMT","코아시아옵틱스, 삼성 갤럭시S용 카메라 이어 렌즈도 공급  디일렉"
"경계현 삼성전자 사장, 2개월 만에 미국행...주요 고객사 만나 - 뉴스핌",https://www.newspim.com/news/view/20220418001097,"Mon, 18 Apr 2022 10:02:00 GMT","경계현 삼성전자 사장, 2개월 만에 미국행...주요 고객사 만나  뉴스핌"
[영상] 자화전자 대규모 카메라 모듈 투자 왜? - 디일렉,http://www.thelec.kr/news/articleView.html?idxno=16703,"Mon, 18 Apr 2022 08:37:02 GMT",[영상] 자화전자 대규모 카메라 모듈 투자 왜?  디일렉
"정유·전자 웃고, 디스플레이·배터리는 침울…1분기 희비교차 - 매일경제",https://www.mk.co.kr/news/stock/view/2022/04/346132/,"Mon, 18 Apr 2022 21:01:01 GMT","정유·전자 웃고, 디스플레이·배터리는 침울…1분기 희비교차  매일경제"
"LG전자, 삼성전자 출신 '앱 전문가' 스마트TV 사업 전무로 영입 - 매일경제",https://www.mk.co.kr/news/business/view/2022/04/344414/,"Mon, 18 Apr 2022 05:14:27 GMT","LG전자, 삼성전자 출신 '앱 전문가' 스마트TV 사업 전무로 영입  매일경제"
삼성전자 주가하락 장기화 되나… 금투업계 파운드리 사업 우려 목소리도 - 아주경제,https://www.ajunews.com/view/20220418152635765,"Mon, 18 Apr 2022 09:00:00 GMT",삼성전자 주가하락 장기화 되나… 금투업계 파운드리 사업 우려 목소리도  아주경제
"삼성전자, 엑시노스 중저가 스마트폰 공략으로 점유율 늘린다 - 테크월드 뉴스",http://www.epnc.co.kr/news/articleView.html?idxno=222166,"Mon, 18 Apr 2022 09:16:07 GMT","삼성전자, 엑시노스 중저가 스마트폰 공략으로 점유율 늘린다  테크월드 뉴스"
"중국 '제로 코로나' 글로벌 반도체 공급망 타격 … 애플, 삼성전자 등 공장 피해 ‘고민’ - 녹색경제신문",http://www.greened.kr/news/articleView.html?idxno=295195,"Mon, 18 Apr 2022 07:54:45 GMT","중국 '제로 코로나' 글로벌 반도체 공급망 타격 … 애플, 삼성전자 등 공장 피해 ‘고민’  녹색경제신문"
적당하게' 다니기 좋은 삼성전자 - 매일경제,https://www.mk.co.kr/economy/view/2022/295037,"Fri, 01 Apr 2022 04:58:00 GMT",적당하게' 다니기 좋은 삼성전자  매일경제
[비전리스 삼성] ④1년 만에 성과 내야 하는 임원…기다려주지 않는 회사 - 블로터,https://www.bloter.net/newsView/blt202204150117,"Fri, 15 Apr 2022 07:00:00 GMT",[비전리스 삼성] ④1년 만에 성과 내야 하는 임원…기다려주지 않는 회사  블로터
"삼성전자, 잉크젯플러스S 정품무한 복합기 SL-T1670 4월 20일 롯데온 온세상세일 특가 판매 - 알럽피씨",https://www.ilovepc.co.kr/news/articleView.html?idxno=43112,"Mon, 18 Apr 2022 08:19:28 GMT","삼성전자, 잉크젯플러스S 정품무한 복합기 SL-T1670 4월 20일 롯데온 온세상세일 특가 판매  알럽피씨"
"삼성전자, 역대급 실적에도 ‘6만 전자’ 늪에서 빠져나오지 못하는 까닭은? - 인사이트코리아",https://www.insightkorea.co.kr/news/articleView.html?idxno=96119,"Mon, 18 Apr 2022 06:20:00 GMT","삼성전자, 역대급 실적에도 ‘6만 전자’ 늪에서 빠져나오지 못하는 까닭은?  인사이트코리아"
또 봉쇄 들어간 中 시안…삼성전자 반도체 생산 어쩌나 - 이데일리,https://www.edaily.co.kr/news/read?newsId=03496486632297432&mediaCodeNo=257,"Mon, 18 Apr 2022 07:38:03 GMT",또 봉쇄 들어간 中 시안…삼성전자 반도체 생산 어쩌나  이데일리
"18일, 외국인 거래소에서 삼성전자(+0.15%), KODEX 200선물인버스2X(0.00%) 등 순매도 - 한국경제",https://www.hankyung.com/finance/article/202204184818L,"Mon, 18 Apr 2022 09:35:25 GMT","18일, 외국인 거래소에서 삼성전자(+0.15%), KODEX 200선물인버스2X(0.00%) 등 순매도  한국경제"
삼성전자 실적은 좋은데 주가는 왜? 560만 주주의 고민 - 한겨레,https://www.hani.co.kr/arti/economy/finance/1039404.html,"Mon, 18 Apr 2022 08:24:15 GMT",삼성전자 실적은 좋은데 주가는 왜? 560만 주주의 고민  한겨레
IT·반도체 업계 잇따른 연봉 인상...삼성전자는 협상 '진통' - ZD넷 코리아,https://zdnet.co.kr/view/?no=20220418154147,"Mon, 18 Apr 2022 07:03:27 GMT",IT·반도체 업계 잇따른 연봉 인상...삼성전자는 협상 '진통'  ZD넷 코리아
"삼성전자, SK하이닉스 모처럼 반등…코스피 약보합 마감 - 매일경제",https://www.mk.co.kr/news/stock/view/2022/04/345222/,"Mon, 18 Apr 2022 07:20:37 GMT","삼성전자, SK하이닉스 모처럼 반등…코스피 약보합 마감  매일경제"
"LG전자, 삼성전자 출신 '앱 전문가' 스마트TV 사업 전무로 영입 - 한국경제",https://www.hankyung.com/economy/article/202204183868Y,"Mon, 18 Apr 2022 05:14:30 GMT","LG전자, 삼성전자 출신 '앱 전문가' 스마트TV 사업 전무로 영입  한국경제"
삼성전자 스마트인테리어 포럼 임원사 간담회 개최 - 한국경제TV 산업·IT뉴스,https://www.wowtv.co.kr/NewsCenter/News/Read?articleId=A202204180247,"Mon, 18 Apr 2022 07:20:00 GMT",삼성전자 스마트인테리어 포럼 임원사 간담회 개최  한국경제TV 산업·IT뉴스
"[증시 돋보기] 외국인 삼성전자 또 가장 많이 팔아, 정유주는 다수 담아 - 비즈니스포스트",http://www.businesspost.co.kr/BP?command=article_view&num=278150,"Mon, 18 Apr 2022 08:45:05 GMT","[증시 돋보기] 외국인 삼성전자 또 가장 많이 팔아, 정유주는 다수 담아  비즈니스포스트"
CEO도 평가손실 보는데···삼성전자 임원들 자사주 매입 지속 - 뉴스웨이,http://www.newsway.co.kr/news/view?ud=2022041815055462676,"Mon, 18 Apr 2022 06:37:31 GMT",CEO도 평가손실 보는데···삼성전자 임원들 자사주 매입 지속  뉴스웨이
삼성전자 주가하락 장기화 되나… 금투업계 파운드리 사업 우려 목소리도 - 아주경제,https://www.ajunews.com/view/20220418152635765,"Mon, 18 Apr 2022 09:00:00 GMT",삼성전자 주가하락 장기화 되나… 금투업계 파운드리 사업 우려 목소리도  아주경제
"삼성청년SW아카데미, 8기 교육생 모집 “누적 취업률 80% 돌파” - 뉴스와이어",https://www.newswire.co.kr/newsRead.php?no=942923,"Mon, 18 Apr 2022 05:59:32 GMT","삼성청년SW아카데미, 8기 교육생 모집 “누적 취업률 80% 돌파”  뉴스와이어"
"투신 순매수 상위- SK이노베이션 , 삼성전자 등 - 한국경제",https://www.hankyung.com/finance/article/202204184405L,"Mon, 18 Apr 2022 07:30:20 GMT","투신 순매수 상위- SK이노베이션 , 삼성전자 등  한국경제"
[급등주] 삼성전자 소폭 상승 '개인투자자 매수세에 반등' - 전국매일신문,http://www.jeonmae.co.kr/news/articleView.html?idxno=884567,"Mon, 18 Apr 2022 07:50:53 GMT",[급등주] 삼성전자 소폭 상승 '개인투자자 매수세에 반등'  전국매일신문
"삼성전자 SW교육프로그램 청년교육생 1150명 모집, 취업률 80% 넘어 - 비즈니스포스트",http://www.businesspost.co.kr/BP?command=article_view&num=278100,"Mon, 18 Apr 2022 06:08:08 GMT","삼성전자 SW교육프로그램 청년교육생 1150명 모집, 취업률 80% 넘어  비즈니스포스트"
"삼성전자, 역대급 실적에도 '6만 전자' 늪에서 빠져나오지 못하는 까닭은? - 인사이트코리아",https://www.insightkorea.co.kr/news/articleView.html?idxno=96119,"Mon, 18 Apr 2022 06:20:28 GMT","삼성전자, 역대급 실적에도 '6만 전자' 늪에서 빠져나오지 못하는 까닭은?  인사이트코리아"
"삼성전자 울어도 삼성그룹 ETF는 '선방'…""분산투자 효과 뚜렷"" - 한국경제",https://www.hankyung.com/finance/article/202204183892i,"Mon, 18 Apr 2022 06:43:06 GMT","삼성전자 울어도 삼성그룹 ETF는 '선방'…""분산투자 효과 뚜렷""  한국경제"
LG전자 삼성전자 출신 앱 전문가 스마트TV 사업 전무로 영입 - 한국경제TV 산업·IT뉴스,https://www.wowtv.co.kr/NewsCenter/News/Read?articleId=AKR20220418094200003,"Mon, 18 Apr 2022 05:14:00 GMT",LG전자 삼성전자 출신 앱 전문가 스마트TV 사업 전무로 영입  한국경제TV 산업·IT뉴스
"삼성전자, '차세대 플랫폼' 전세계 사업장에 구축…공급망 실시간 파악 - 한국경제",https://www.hankyung.com/economy/article/2022041828411,"Mon, 18 Apr 2022 06:24:34 GMT","삼성전자, '차세대 플랫폼' 전세계 사업장에 구축…공급망 실시간 파악  한국경제"
"삼성전자, 고객 직접 선택하고 만드는 '#YouMake' 글로벌 캠페인 실시 - 이코노미톡뉴스",http://www.economytalk.kr/news/articleView.html?idxno=221252,"Mon, 18 Apr 2022 05:50:01 GMT","삼성전자, 고객 직접 선택하고 만드는 '#YouMake' 글로벌 캠페인 실시  이코노미톡뉴스"
"삼성전자 사운드바, 글로벌 매체 호평 잇달아... IT 전문지 기즈모도 등 - 더밸류뉴스",http://thevaluenews.co.kr/news/view.php?idx=168669,"Mon, 18 Apr 2022 02:44:58 GMT","삼성전자 사운드바, 글로벌 매체 호평 잇달아... IT 전문지 기즈모도 등  더밸류뉴스"
균열의 조짐 보이는 ‘기술의 삼성’ 신화 - 테크월드 뉴스,http://www.epnc.co.kr/news/articleView.html?idxno=221836,"Sun, 17 Apr 2022 23:00:00 GMT",균열의 조짐 보이는 ‘기술의 삼성’ 신화  테크월드 뉴스
"[기업탐구]테스, 삼성전자·SK하이닉스 투자… 하반기 매출 증가 기대 - 아시아경제",https://cm.asiae.co.kr/article/2022041510250956280,"Mon, 18 Apr 2022 04:23:00 GMT","[기업탐구]테스, 삼성전자·SK하이닉스 투자… 하반기 매출 증가 기대  아시아경제"
"지배구조 개편·친환경 드라이브…삼성전자, ESG 경영 '박차' - 아시아타임즈",https://www.asiatime.co.kr/article/20220418500272,"Mon, 18 Apr 2022 06:30:00 GMT","지배구조 개편·친환경 드라이브…삼성전자, ESG 경영 '박차'  아시아타임즈"
삼성전자 3주째 외국인 기관 순매도 1위 | Investing.com - Investing.com,https://kr.investing.com/analysis/article-200439557,"Sun, 17 Apr 2022 23:45:00 GMT",삼성전자 3주째 외국인 기관 순매도 1위 | Investing.com  Investing.com
"삼성전자·애플·구글, '스마트폰 자가 수리' 도입…장단점은? - 디지털데일리",https://www.ddaily.co.kr/news/article/?no=235743,"Mon, 18 Apr 2022 00:23:49 GMT","삼성전자·애플·구글, '스마트폰 자가 수리' 도입…장단점은?  디지털데일리"
"스마트홈을 더 쉽고 저렴하게, 삼성전자 '스마트싱스 동글' 출시 - 메트로신문-중산층과 서민을 위한 알찬 정보",https://www.metroseoul.co.kr/article/20220418500395,"Mon, 18 Apr 2022 05:55:23 GMT","스마트홈을 더 쉽고 저렴하게, 삼성전자 '스마트싱스 동글' 출시  메트로신문-중산층과 서민을 위한 알찬 정보"
"삼성, 소프트웨어 청년 인재 키운다…1150명 모집 - 한국경제",https://www.hankyung.com/economy/article/202204183980i,"Mon, 18 Apr 2022 05:53:32 GMT","삼성, 소프트웨어 청년 인재 키운다…1150명 모집  한국경제"
"[단독] 경계현 삼성전자 사장, 美 출장 나서… '파운드리' 핵심 고객사 만나 - 서울경제신문",https://sedaily.com/NewsView/264QQ2M8X0,"Mon, 18 Apr 2022 05:44:42 GMT","[단독] 경계현 삼성전자 사장, 美 출장 나서… '파운드리' 핵심 고객사 만나  서울경제신문"
"엔비디아도 삼성전자 위탁생산 떠나, 최시영 대형 고객사 되찾기 시급 - 비즈니스포스트",https://www.businesspost.co.kr/BP?command=article_view&num=277240,"Sat, 09 Apr 2022 21:00:00 GMT","엔비디아도 삼성전자 위탁생산 떠나, 최시영 대형 고객사 되찾기 시급  비즈니스포스트"
"[특허뉴스] [종합] '2022 캠퍼스 특허 유니버시아드' 개최... 삼성전자, 구글코리아 등 참여 - 특허뉴스",http://www.e-patentnews.com/8333,"Mon, 18 Apr 2022 04:53:00 GMT","[특허뉴스] [종합] '2022 캠퍼스 특허 유니버시아드' 개최... 삼성전자, 구글코리아 등 참여  특허뉴스"
삼성전자 반도체 공식 인스타그램 채널 오픈 #대세는_인스타 #달수와_함께 #팔로우_댓글_고고 – 삼성반도체이야기 - 삼성반도체이야기,https://www.samsungsemiconstory.com/kr/%EC%82%BC%EC%84%B1%EC%A0%84%EC%9E%90-%EB%B0%98%EB%8F%84%EC%B2%B4-%EA%B3%B5%EC%8B%9D-%EC%9D%B8%EC%8A%A4%ED%83%80%EA%B7%B8%EB%9E%A8-%EC%B1%84%EB%84%90-%EC%98%A4%ED%94%88-%EB%8C%80%EC%84%B8%EB%8A%94_/,"Mon, 18 Apr 2022 00:07:35 GMT",삼성전자 반도체 공식 인스타그램 채널 오픈 #대세는_인스타 #달수와_함께 #팔로우_댓글_고고 – 삼성반도체이야기  삼성반도체이야기
"삼성전자 공매도, 하루 100만주…연일 신저가에도 투자자들은 “내려간다”에 베팅했다 - 조선비즈 - 조선비즈",https://biz.chosun.com/stock/stock_general/2022/04/18/XXOYSIUHP5HJZFE6EEG7Q56VQA/,"Mon, 18 Apr 2022 01:34:00 GMT","삼성전자 공매도, 하루 100만주…연일 신저가에도 투자자들은 “내려간다”에 베팅했다 - 조선비즈  조선비즈"
"삼성전자 사운드바 신제품, 해외 IT 매체 호평 쏟아져 - 조선비즈 - 조선비즈",https://biz.chosun.com/it-science/ict/2022/04/18/6TERXL6UINHWNCEMOO2GYTBHXA/,"Mon, 18 Apr 2022 00:56:00 GMT","삼성전자 사운드바 신제품, 해외 IT 매체 호평 쏟아져 - 조선비즈  조선비즈"
"바닥찍은 줄 알았더니…삼성전자, 사흘 만에 또 신저가 - 매일경제",https://www.mk.co.kr/news/stock/view/2022/04/338237/,"Fri, 15 Apr 2022 04:12:48 GMT","바닥찍은 줄 알았더니…삼성전자, 사흘 만에 또 신저가  매일경제"
"[ET라씨로] 삼성전자, 장중 52주 신저가 경신 - 전자신문",https://www.etnews.com/20220418000105?mc=em_308_00001,"Mon, 18 Apr 2022 02:20:00 GMT","[ET라씨로] 삼성전자, 장중 52주 신저가 경신  전자신문"
"삼성전자, 국민연금 움직였다 '반등' - 이데일리",https://www.edaily.co.kr/news/read?newsId=02542006632297432&mediaCodeNo=257,"Mon, 18 Apr 2022 02:23:43 GMT","삼성전자, 국민연금 움직였다 '반등'  이데일리"
"삼성전자 주가 초반 52주 신저가 뒤 반등, 기관 외국인 매도에 힘 못써 - 비즈니스포스트",http://www.businesspost.co.kr/BP?command=article_view&num=278061,"Mon, 18 Apr 2022 01:20:38 GMT","삼성전자 주가 초반 52주 신저가 뒤 반등, 기관 외국인 매도에 힘 못써  비즈니스포스트"
"삼성전자 2022년형 사운드바, 해외 매체서 잇달아 호평받아 - 연합뉴스",https://www.yna.co.kr/view/AKR20220418019100003?section=economy/all,"Sun, 17 Apr 2022 23:26:53 GMT","삼성전자 2022년형 사운드바, 해외 매체서 잇달아 호평받아  연합뉴스"
"[뉴스핌 라씨로] 삼성과 접점 넓히는 에브리봇, '삼성 로봇' 수혜볼까 - 뉴스핌",https://www.newspim.com/news/view/20220418000501,"Mon, 18 Apr 2022 02:00:00 GMT","[뉴스핌 라씨로] 삼성과 접점 넓히는 에브리봇, '삼성 로봇' 수혜볼까  뉴스핌"
"TSMC, '3나노' 자신감… 삼성 '파운드리' 돌파구 전략 관심 집중 - 뉴데일리경제",https://biz.newdaily.co.kr/site/data/html/2022/04/17/2022041700088.html,"Sun, 17 Apr 2022 21:35:48 GMT","TSMC, '3나노' 자신감… 삼성 '파운드리' 돌파구 전략 관심 집중  뉴데일리경제"
"삼성전자, '#YouMake' 글로벌 캠페인 실시 - 한국경제",https://www.hankyung.com/press-release/article/202204171550P,"Sun, 17 Apr 2022 02:00:00 GMT","삼성전자, '#YouMake' 글로벌 캠페인 실시  한국경제"
"삼성전자 2022년형 사운드바, 해외 매체서 잇달아 호평받아 - 매일경제",https://www.mk.co.kr/news/business/view/2022/04/342807/,"Sun, 17 Apr 2022 23:26:53 GMT","삼성전자 2022년형 사운드바, 해외 매체서 잇달아 호평받아  매일경제"
"코스피, 기관·외국인 매도에 하락출발…삼성전자 또 신저가 - 한국경제",https://www.hankyung.com/finance/article/2022041827576,"Mon, 18 Apr 2022 00:14:14 GMT","코스피, 기관·외국인 매도에 하락출발…삼성전자 또 신저가  한국경제"
"삼성전자, 올 하반기 AP 점유율 확대 나선다 - 한스경제",http://www.sporbiz.co.kr/news/articleView.html?idxno=615882,"Sun, 17 Apr 2022 21:50:00 GMT","삼성전자, 올 하반기 AP 점유율 확대 나선다  한스경제"
"""그 연봉 줬다간 직원 다 뺏긴다""…삼성전자도 '특단의 대책' - 한국경제",https://www.hankyung.com/it/article/2022041720301,"Sun, 17 Apr 2022 08:36:35 GMT","""그 연봉 줬다간 직원 다 뺏긴다""…삼성전자도 '특단의 대책'  한국경제"
균열의 조짐 보이는 '기술의 삼성' 신화 < 포커스 < 인사이트 < 기사본문 - 테크월드 뉴스,http://www.epnc.co.kr/news/articleView.html?idxno=221836,"Sun, 17 Apr 2022 23:00:00 GMT",균열의 조짐 보이는 '기술의 삼성' 신화 < 포커스 < 인사이트 < 기사본문  테크월드 뉴스
"자유롭게 '경험'을 골라보세요, #YouMake 캠페인 – Samsung Newsroom Korea - Samsung Newsroom Korea",https://news.samsung.com/kr/%EC%9E%90%EC%9C%A0%EB%A1%AD%EA%B2%8C-%EA%B2%BD%ED%97%98%EC%9D%84-%EA%B3%A8%EB%9D%BC%EB%B3%B4%EC%84%B8%EC%9A%94-youmake-%EC%BA%A0%ED%8E%98%EC%9D%B8,"Mon, 18 Apr 2022 01:03:15 GMT","자유롭게 '경험'을 골라보세요, #YouMake 캠페인 – Samsung Newsroom Korea  Samsung Newsroom 
Korea"
삼성 무노조 흑역사가 무너진 공터 < 민변 노동위의 노변政담 < 연재칼럼 < 오피니언 < 기사본문 - 매일노동뉴스,https://www.labortoday.co.kr/news/articleView.html?idxno=208440,"Sun, 17 Apr 2022 22:30:11 GMT",삼성 무노조 흑역사가 무너진 공터 < 민변 노동위의 노변政담 < 연재칼럼 < 오피니언 < 기사본문  매일노동뉴스
삼성 이어 애플·샤오미까지 저가폰 가세…공시지원금 받으면 공짜 - IT조선,http://it.chosun.com/site/data/html_dir/2022/04/15/2022041502173.html,"Sun, 17 Apr 2022 21:00:00 GMT",삼성 이어 애플·샤오미까지 저가폰 가세…공시지원금 받으면 공짜  IT조선
[업종 대표주] 반도체와 반도체 장비: 삼성전자 -0.45% 출발 - 조선비즈 - 조선비즈,https://biz.chosun.com/stock/c-biz_bot/2022/04/18/RNMDRPO3SJHSMX4UCWKFZRTMMQ/,"Mon, 18 Apr 2022 00:05:00 GMT",[업종 대표주] 반도체와 반도체 장비: 삼성전자 -0.45% 출발 - 조선비즈  조선비즈
"[특징주]삼성전자, 또 52주 신저가…'낙폭 축소는 시도중이지만 수급 악재' - 아시아경제",https://www.asiae.co.kr/article/stock-etc/2022041809421796836,"Mon, 18 Apr 2022 00:12:00 GMT","[특징주]삼성전자, 또 52주 신저가…'낙폭 축소는 시도중이지만 수급 악재'  아시아경제"
"삼성전자 에어컨·대형가전, 이탈리아 소비자 만족도 1위 - 디지틀조선TV",http://businessnews.chosun.com/site/data/html_dir/2022/04/18/2022041880007.html,"Sun, 17 Apr 2022 23:54:00 GMT","삼성전자 에어컨·대형가전, 이탈리아 소비자 만족도 1위  디지틀조선TV"
"""다른 제품과 비교 불가"" 삼성전자 2022년형 사운드바, 해외 매체서 호평 잇달아 - 디지틀조선TV",http://businessnews.chosun.com/site/data/html_dir/2022/04/18/2022041880010.html,"Mon, 18 Apr 2022 00:03:00 GMT","""다른 제품과 비교 불가"" 삼성전자 2022년형 사운드바, 해외 매체서 호평 잇달아  디지틀조선TV"
"“젊은 층에 팬덤 생긴 비스포크, 삶에 맞게 진화합니다” - 게임동아",https://www.donga.com/news/Economy/article/all/20220417/112934658/1,"Sun, 17 Apr 2022 18:00:00 GMT","“젊은 층에 팬덤 생긴 비스포크, 삶에 맞게 진화합니다”  게임동아"
"삼성전자, 인텔 출신 슈퍼컴퓨터 전문가 부사장으로 영입 - ZD넷 코리아",https://zdnet.co.kr/view/?no=20220414142423,"Thu, 14 Apr 2022 05:38:53 GMT","삼성전자, 인텔 출신 슈퍼컴퓨터 전문가 부사장으로 영입  ZD넷 코리아"
삼성전자 “제품 디자인 직접해보세요” - 세계일보,https://www.segye.com/newsView/20220417509205?OutUrl=google,"Sun, 17 Apr 2022 16:00:00 GMT",삼성전자 “제품 디자인 직접해보세요”  세계일보
"‘TV는 거거익선?’…삼성·LG, 게이밍족 겨냥한 소형 TV 경쟁 - 한국금융신문",https://www.fntimes.com/view.php?ud=202204172031321764645ffc9771_18,"Sun, 17 Apr 2022 15:00:00 GMT","‘TV는 거거익선?’…삼성·LG, 게이밍족 겨냥한 소형 TV 경쟁  한국금융신문"
"삼성전자보다 LG전자, 현대차보다 기아…연기금 `2등주` 담는 까닭은 - 매일경제",https://www.mk.co.kr/news/stock/view/2022/04/342443/,"Sun, 17 Apr 2022 09:21:11 GMT","삼성전자보다 LG전자, 현대차보다 기아…연기금 `2등주` 담는 까닭은  매일경제"
[자막뉴스] 역대 최대 실적에도 맥 못 추는 삼성전자 주가...반등은 언제? - YTN,https://www.ytn.co.kr/_ln/0134_202204171223558234,"Sun, 17 Apr 2022 03:23:00 GMT",[자막뉴스] 역대 최대 실적에도 맥 못 추는 삼성전자 주가...반등은 언제?  YTN
"中, 상하이 이어 시안까지 봉쇄…삼성전자 공장도 '긴장' - 파이낸셜뉴스",https://www.fnnews.com/news/202204171513247934,"Sun, 17 Apr 2022 06:13:00 GMT","中, 상하이 이어 시안까지 봉쇄…삼성전자 공장도 '긴장'  파이낸셜뉴스"
삼성전자·LG전자 ‘작은 프리미엄’ 게이밍 TV로 격돌 - news.kmib.co.kr,http://news.kmib.co.kr/article/view.asp?arcid=0924240924&code=11161100&sid1=sp,"Sun, 17 Apr 2022 10:31:00 GMT",삼성전자·LG전자 ‘작은 프리미엄’ 게이밍 TV로 격돌  news.kmib.co.kr
삼성전자·삼성웰스토리 동시 압수수색…이재용 승계 겨누나 - 매일경제,https://www.mk.co.kr/news/economy/view/2022/03/278476/,"Mon, 28 Mar 2022 07:00:00 GMT",삼성전자·삼성웰스토리 동시 압수수색…이재용 승계 겨누나  매일경제
"삼성전자, 중저가 AP로 반전 노린다 - 디지털데일리",https://www.ddaily.co.kr/news/article/?no=235736,"Sun, 17 Apr 2022 03:46:45 GMT","삼성전자, 중저가 AP로 반전 노린다  디지털데일리"
"""그 연봉 줬다간 직원 다 뺏긴다""…삼성전자도 '특단의 대책' - 한국경제",https://www.hankyung.com/it/article/2022041720301,"Sun, 17 Apr 2022 08:36:35 GMT","""그 연봉 줬다간 직원 다 뺏긴다""…삼성전자도 '특단의 대책'  한국경제"
배당 10조 챙기고…원화 약세에 외국인 자금 이탈 가속도 - 매일경제,https://www.mk.co.kr/news/stock/view/2022/04/342446/,"Sun, 17 Apr 2022 09:21:55 GMT",배당 10조 챙기고…원화 약세에 외국인 자금 이탈 가속도  매일경제
갤럭시 S22 'GOS 집단소송' 본격화…13일 삼성전자에 소장 송달 - UPI뉴스,https://www.upinews.kr/newsView/upi202204150062,"Sat, 16 Apr 2022 02:28:56 GMT",갤럭시 S22 'GOS 집단소송' 본격화…13일 삼성전자에 소장 송달  UPI뉴스